<?xml version="1.0" encoding="UTF-8"?>
<beans xmlns="http://www.springframework.org/schema/beans"
	xmlns:xsi="http://www.w3.org/2001/XMLSchema-instance"
	xmlns:context="http://www.springframework.org/schema/context"
	xmlns:mybatis-spring="http://mybatis.org/schema/mybatis-spring"
	xsi:schemaLocation="http://mybatis.org/schema/mybatis-spring http://mybatis.org/schema/mybatis-spring-1.2.xsd
		http://www.springframework.org/schema/beans https://www.springframework.org/schema/beans/spring-beans.xsd
		http://www.springframework.org/schema/context http://www.springframework.org/schema/context/spring-context-4.3.xsd">
	
	<!-- Root Context: defines shared resources visible to all other web components -->
		
	<bean id="hikariConfig" class="com.zaxxer.hikari.HikariConfig"> 
        <property name="driverClassName" value="com.mysql.cj.jdbc.Driver"></property> 
        <property name="jdbcUrl" value="jdbc:mysql://localhost:3306/bloom?serverTimezone=Asia/Seoul"></property> 
        <property name="username" value="bloom"></property> 
        <property name="password" value="my0107"></property> 
    </bean> 
    
    <bean id="datasource" class="com.zaxxer.hikari.HikariDataSource" destroy-method="close"> 
        <constructor-arg ref="hikariConfig"></constructor-arg> 
    </bean>  
    
    
    <bean id="sqlSessionFactory" class="org.mybatis.spring.SqlSessionFactoryBean">
        <property name="dataSource" ref="datasource"></property>
    </bean>
    
     <mybatis-spring:scan base-package="com.kim.bloom.mapper"/>
    <context:component-scan base-package="com.kim.bloom.model"></context:component-scan>
    <context:component-scan base-package="com.kim.bloom.service"></context:component-scan>
</beans>
